Going Deeper Advanced C#,This is an Advanced C# Task,1,False
this is an update,This is an Advanced C# Task,-1,True
this is an update,Going Deeper Advanced C#,2,False
Going Deeper Advanced C#,Going Deeper Advanced C#,2,True
this is an update,Going Deeper Advanced C#,2,False
This is an Advanced C# Task,This is an Advanced C# Task,0,False
This is an Advanced C# Task,This is an Advanced C# Task,2,True
fdsfsdf,this is real description,0,False
this is a real name,hterhgh54hgd,1,True
the managet has menu,add menu,0,False
